longitude,latitude,lineId,timestamp,journeyPatternId,vehicleId,point
-6.367692,53.35384499999999,25,2017-07-03 10:56:00,025B0002,33401,POINT (708666.7984612143 734978.8023896469)
-6.26008,53.34672,25,2017-07-03 10:56:00,025A0002,33352,POINT (715849.5037407882 734355.274681642)
-6.295959,53.325905000000006,150,2017-07-03 10:56:00,01501001,33493,POINT (713516.0332653577 731981.8164871124)
-6.316828,53.316637,150,2017-07-03 10:56:00,01500001,33518,POINT (712150.2444403638 730917.7067627693)
-6.2566,53.34815,25,2017-07-03 10:56:00,025B1002,33364,POINT (716077.3078691751 734520.0255593333)
-6.422269,53.351625,25,2017-07-03 10:56:00,025B1002,33358,POINT (705039.1984194522 734650.1262961685)
-6.430909,53.340427000000005,25,2017-07-03 10:56:00,025A0002,33406,POINT (704491.4019128972 733391.5522726579)
-6.367692,53.35384499999999,25,2017-07-03 10:57:00,025B0002,33401,POINT (708666.7984612143 734978.8023896469)
-6.2570879999999995,53.346408,150,2017-07-03 10:57:00,01500001,33495,POINT (716049.5505811349 734325.4208719141)
-6.4517739999999995,53.344708999999995,25,2017-07-03 10:57:00,025A1002,33399,POINT (703091.6941768689 733837.6445036266)
-6.423451,53.357765,25,2017-07-03 10:57:00,00250002,38056,POINT (704945.425399838 735331.5295054966)
-6.294741999999999,53.326133999999996,150,2017-07-03 10:57:00,01501001,33493,POINT (713596.4894712768 732009.2295883961)
-6.260927,53.346518,25,2017-07-03 10:57:00,025A0002,33352,POINT (715793.660135415 734331.4266335825)
-6.256583,53.34815,25,2017-07-03 10:57:00,025B1002,33364,POINT (716078.4396459343 734520.0531966815)
-6.319478,53.299175,150,2017-07-03 10:57:00,01501001,33519,POINT (712019.3943682928 728970.7557492438)
-6.316828,53.316637,150,2017-07-03 10:57:00,01500001,33518,POINT (712150.2444403638 730917.7067627693)
-6.421403,53.353967000000004,25,2017-07-03 10:57:00,025B1002,33358,POINT (705091.0876108268 734911.973336168)
-6.431842,53.341249,25,2017-07-03 10:57:00,025A0002,33406,POINT (704427.2660336138 733481.6437738034)
-6.368536,53.354057,25,2017-07-03 10:57:00,025B0002,33401,POINT (708610.0766226298 735001.1052618934)
-6.255173,53.34613100000001,150,2017-07-03 10:57:00,01500001,33495,POINT (716177.8002592158 734297.7165638391)
-6.449793,53.344536,25,2017-07-03 10:57:00,025A1002,33399,POINT (703224.0116621172 733821.2581758735)
-6.423651,53.357664,25,2017-07-03 10:57:00,00250002,38056,POINT (704932.3611859023 735319.9981886632)
-6.260927,53.346518,25,2017-07-03 10:57:00,025A0002,33352,POINT (715793.660135415 734331.4266335825)
-6.291853,53.326662,150,2017-07-03 10:57:00,01501001,33493,POINT (713787.5200711013 732072.5727937643)
-6.33968,53.344567000000005,25,2017-07-03 10:57:00,025A1002,33356,POINT (710555.4840055348 733989.5378649812)
-6.421439,53.35433199999999,25,2017-07-03 10:57:00,025B1002,33358,POINT (705087.7932463923 734952.5305328666)
-6.432259999999999,53.342411,25,2017-07-03 10:57:00,025A0002,33406,POINT (704396.5938837244 733610.3175583058)
-6.25593,53.347260999999996,150,2017-07-03 10:57:00,01500001,33495,POINT (716124.3293754517 734422.2066429767)
-6.449142,53.344526,25,2017-07-03 10:57:00,025A1002,33399,POINT (703267.3810908234 733821.0868274064)
-6.423651,53.357664,25,2017-07-03 10:57:00,00250002,38056,POINT (704932.3611859023 735319.9981886632)
-6.256444,53.34684,150,2017-07-03 10:57:00,01501001,33475,POINT (716091.2529394204 734374.5312032929)
-6.288519,53.327302,150,2017-07-03 10:57:00,01501001,33493,POINT (714007.8877951952 732149.0949157978)
-6.261391000000001,53.346410999999996,25,2017-07-03 10:57:00,025A0002,33352,POINT (715763.0579822441 734318.7696476692)
-6.334162,53.345197999999996,25,2017-07-03 10:57:00,025A1002,33356,POINT (710921.2426741186 734068.3000511387)
-6.25655,53.3481,25,2017-07-03 10:57:00,025B1002,33364,POINT (716080.7724704174 734514.543945816)
-6.370099,53.354431999999996,25,2017-07-03 10:57:00,025B0002,33401,POINT (708505.0798540727 735040.4512407819)
-6.421598,53.354767,25,2017-07-03 10:57:00,025B1002,33358,POINT (705076.139050418 735000.6949614988)
-6.432055,53.343927,25,2017-07-03 10:57:00,025A0002,33406,POINT (704406.5400996213 733779.2885779215)
-6.3169379999999995,53.316315,150,2017-07-03 10:57:00,01500001,33518,POINT (712143.7598953352 730881.7088336232)
-6.25793,53.346292000000005,150,2017-07-03 10:57:00,01500001,33495,POINT (715993.8069556437 734311.1467775014)
-6.446043,53.344508999999995,25,2017-07-03 10:57:00,025A1002,33399,POINT (703473.7616815872 733823.6815645453)
-6.423662,53.357657999999994,25,2017-07-03 10:57:00,00250002,38056,POINT (704931.643745533 735319.3144562163)
-6.286189,53.328456,150,2017-07-03 10:58:00,01501001,33493,POINT (714160.0030329388 732281.2087265595)
-6.263781,53.345921,25,2017-07-03 10:58:00,025A0002,33352,POINT (715605.2625946782 734260.3809864012)
-6.371753,53.354829,25,2017-07-03 10:58:00,025B0002,33401,POINT (708393.971565954 735082.109079672)
-6.25655,53.34805,25,2017-07-03 10:58:00,025B1002,33364,POINT (716080.9083164047 734508.9810452522)
-6.4327440000000005,53.345929000000005,25,2017-07-03 10:58:00,025A0002,33406,POINT (704355.7749418317 734001.0255043618)
-6.421767,53.355042000000005,25,2017-07-03 10:58:00,025B1002,33358,POINT (705064.2129429496 735031.0429753435)
-6.3170660000000005,53.315913,150,2017-07-03 10:58:00,01500001,33518,POINT (712136.2856894102 730836.7819816293)
-6.260076000000001,53.34433000000001,150,2017-07-03 10:58:00,01500001,33495,POINT (715856.2501341886 734089.3744858039)
-6.444412000000001,53.345241,25,2017-07-03 10:58:00,025A1002,33399,POINT (703580.5835347571 733907.4892600841)
-6.425308,53.35819300000001,25,2017-07-03 10:58:00,00250002,38056,POINT (704820.769871098 735376.4211113964)
-6.28437,53.329802,150,2017-07-03 10:58:00,01501001,33493,POINT (714277.5618045953 732433.8713189228)
-6.265912,53.345594999999996,25,2017-07-03 10:58:00,025A0002,33352,POINT (715464.2643976479 734220.6627427057)
-6.373641,53.355279,25,2017-07-03 10:58:00,025B0002,33401,POINT (708267.1546972033 735129.3114061145)
-6.25655,53.348017000000006,25,2017-07-03 10:58:00,025B1002,33364,POINT (716080.9979747075 734505.3095309049)
-6.421926999999999,53.355303,25,2017-07-03 10:58:00,025B1002,33358,POINT (705052.9204984539 735059.8466097707)
-6.433528,53.346437,25,2017-07-03 10:58:00,025A0002,33406,POINT (704302.3359953316 734056.4005151098)
-6.3170660000000005,53.315913,150,2017-07-03 10:58:00,01500001,33518,POINT (712136.2856894102 730836.7819816293)
-6.261702,53.344269999999995,150,2017-07-03 10:58:00,01500001,33495,POINT (715748.1517877284 734080.0619860152)
-6.443576999999999,53.346229,25,2017-07-03 10:58:00,025A1002,33399,POINT (703633.7828349393 734018.6266554564)
-6.42577,53.359368,25,2017-07-03 10:58:00,00250002,38056,POINT (704787.1358144827 735506.474492738)
-6.25711,53.346501,150,2017-07-03 10:58:00,01500001,33475,POINT (716047.8332820319 734335.7321090657)
-6.28419,53.330241,150,2017-07-03 10:58:00,01501001,33493,POINT (714288.376987527 732483.0016912258)
-6.266204,53.345551,25,2017-07-03 10:58:00,025A0002,33352,POINT (715444.9421548229 734215.2952387651)
-6.319542,53.342943999999996,25,2017-07-03 10:58:00,025A1002,33356,POINT (711900.55046381 733840.3329171613)
-6.256533,53.348017000000006,25,2017-07-03 10:58:00,025B1002,33364,POINT (716082.1297549828 734505.3371690831)
-6.377889,53.356322,25,2017-07-03 10:58:00,025B0002,33401,POINT (707981.7491744971 735238.9223415583)
-6.422551,53.355968000000004,25,2017-07-03 10:58:00,025B1002,33358,POINT (705009.7487595106 735132.9170882907)
-6.4358580000000005,53.347606999999996,25,2017-07-03 10:58:00,025A0002,33406,POINT (704144.3540585317 734183.1748190173)
-6.3170660000000005,53.315913,150,2017-07-03 10:58:00,01500001,33518,POINT (712136.2856894102 730836.7819816293)
-6.443023,53.346996,25,2017-07-03 10:58:00,025A1002,33399,POINT (703668.8072029829 734104.7680108736)
-6.261702,53.344269999999995,150,2017-07-03 10:58:00,01500001,33495,POINT (715748.1517877284 734080.0619860152)
-6.429623,53.359664,25,2017-07-03 10:58:00,00250002,38056,POINT (704529.9585012919 735533.7594383059)
-6.28419,53.330241,150,2017-07-03 10:59:00,01501001,33493,POINT (714288.376987527 732483.0016912258)
-6.2679480000000005,53.345326,25,2017-07-03 10:59:00,025A0002,33352,POINT (715329.4352115726 734187.4438665441)
-6.316152,53.343047,25,2017-07-03 10:59:00,025A1002,33356,POINT (712125.9993898426 733857.1103826248)
-6.256517,53.348032999999994,25,2017-07-03 10:59:00,025B1002,33364,POINT (716083.1514884345 734507.1433098904)
-6.382626999999999,53.356275,25,2017-07-03 10:59:00,025B0002,33401,POINT (707666.4894300456 735226.5375839499)
-6.424341,53.357353,25,2017-07-03 10:59:00,025B1002,33358,POINT (704887.1971945297 735284.3821484977)
-6.438611,53.348822,25,2017-07-03 10:59:00,025A0002,33406,POINT (703958.1094408509 734314.3450929744)
-6.3170660000000005,53.315913,150,2017-07-03 10:59:00,01500001,33518,POINT (712136.2856894102 730836.7819816293)
-6.442491,53.347413,25,2017-07-03 10:59:00,025A1002,33399,POINT (703703.2149892255 734151.9363530341)
-6.261702,53.344269999999995,150,2017-07-03 10:59:00,01500001,33495,POINT (715748.1517877284 734080.0619860152)
-6.319255,53.299133,150,2017-07-03 10:59:00,01501001,33519,POINT (712034.3677096436 728966.4325608735)
-6.283835,53.331155,150,2017-07-03 10:59:00,01501001,33493,POINT (714309.5773271152 732585.2598200151)
-6.315136,53.343118000000004,25,2017-07-03 10:59:00,025A1002,33356,POINT (712193.4619704689 733866.6056213314)
-6.268296,53.345299,25,2017-07-03 10:59:00,025A0002,33352,POINT (715306.3383627958 734183.8778698983)
-6.387472,53.356227000000004,25,2017-07-03 10:59:00,025B0002,33401,POINT (707344.1089675513 735213.9016150073)
-6.256533,53.34805,25,2017-07-03 10:59:00,025B1002,33364,POINT (716082.0400958054 734509.0086834219)
-6.4393970000000005,53.349123999999996,25,2017-07-03 10:59:00,025A0002,33406,POINT (703905.0464140832 734346.8018294858)
-6.42499,53.35787,25,2017-07-03 10:59:00,025B1002,33358,POINT (704842.7291517797 735340.9507739047)
-6.31845,53.314702000000004,150,2017-07-03 10:59:00,01500001,33518,POINT (712047.2473351489 730699.8761951885)
-6.261702,53.344269999999995,150,2017-07-03 10:59:00,01500001,33495,POINT (715748.1517877284 734080.0619860152)
-6.441157,53.348188,25,2017-07-03 10:59:00,025A1002,33399,POINT (703790.1474989081 734240.1018494341)
-6.436682,53.360076,25,2017-07-03 10:59:00,00250002,38056,POINT (704059.1157045362 735569.2868179687)
-6.31985,53.297853,150,2017-07-03 10:59:00,01501001,33519,POINT (711998.0588662426 728823.0892090071)
-6.283792,53.331251,150,2017-07-03 10:59:00,01501001,33493,POINT (714312.1845169419 732596.0094319244)
-6.270334,53.345117,25,2017-07-03 10:59:00,025A0002,33352,POINT (715171.1395323334 734160.3397388955)
-6.31142,53.34336999999999,25,2017-07-03 10:59:00,025A1002,33356,POINT (712440.223238684 733900.4878616277)
-6.3920449999999995,53.355844999999995,25,2017-07-03 10:59:00,025B0002,33401,POINT (707040.6699351881 735164.5343352563)
-6.2565669999999995,53.34806700000001,25,2017-07-03 10:59:00,025B1002,33364,POINT (716079.7303498259 734510.8447935447)
-6.439799,53.34891,25,2017-07-03 10:59:00,025A0002,33406,POINT (703878.8034231776 734322.4070688526)
-6.4257,53.358941,25,2017-07-03 10:59:00,025B1002,33358,POINT (704792.8426493317 735459.0688194159)
-6.320025,53.313486,150,2017-07-03 10:59:00,01500001,33518,POINT (711945.4904901912 730562.1165373543)
-6.261702,53.344269999999995,150,2017-07-03 10:59:00,01500001,33495,POINT (715748.1517877284 734080.0619860152)
-6.439585,53.349024,25,2017-07-03 10:59:00,025A1002,33399,POINT (703892.7734127514 734335.4021725215)
-6.438088,53.359961,25,2017-07-03 10:59:00,00250002,38056,POINT (703965.8147494969 735554.443379325)
-6.321339,53.296347,150,2017-07-03 10:59:00,01501001,33519,POINT (711902.7478181415 728653.201309232)
-6.283792,53.331251,150,2017-07-03 11:00:00,01501001,33493,POINT (714312.1845169419 732596.0094319244)
-6.309277,53.343575,25,2017-07-03 11:00:00,025A1002,33356,POINT (712582.3707180808 733926.6725568519)
-6.273166000000001,53.345046999999994,25,2017-07-03 11:00:00,025A0002,33352,POINT (714982.7733796093 734147.9875057574)
-6.39755,53.35572,25,2017-07-03 11:00:00,025B0002,33401,POINT (706674.5447852054 735142.3875075243)
-6.256583,53.348082999999995,25,2017-07-03 11:00:00,025B1002,33364,POINT (716078.6216762098 734512.5989098431)
-6.25711,53.346501,150,2017-07-03 11:00:00,01500001,33475,POINT (716047.8332820319 734335.7321090657)
-6.4257,53.358941,25,2017-07-03 11:00:00,025B1002,33358,POINT (704792.8426493317 735459.0688194159)
-6.441489,53.34800799999999,25,2017-07-03 11:00:00,025A0002,33406,POINT (703768.4811489756 734219.5923400311)
-6.250026999999999,53.339059,25,2017-07-03 11:00:00,025B0002,43124,POINT (716539.6963109386 733519.286676291)
-6.261702,53.344269999999995,150,2017-07-03 11:00:00,01500001,33495,POINT (715748.1517877284 734080.0619860152)
-6.3207,53.312631999999994,150,2017-07-03 11:00:00,01500001,33518,POINT (711902.7492195379 730466.0442036431)
-6.438946,53.349357,25,2017-07-03 11:00:00,025A1002,33399,POINT (703934.5050890069 734373.3820212146)
-6.473521,53.337368000000005,25,2017-07-03 11:00:00,025B1002,33407,POINT (701661.1864391863 732989.6990784472)
-6.438438,53.36002,25,2017-07-03 11:00:00,00250002,38056,POINT (703942.375703622 735560.498155979)
-6.321448999999999,53.296227,150,2017-07-03 11:00:00,01501001,33519,POINT (711895.7292822304 728639.6780516482)
-6.283792,53.331251,150,2017-07-03 11:00:00,01501001,33493,POINT (714312.1845169419 732596.0094319244)
-6.273741,53.34509499999999,25,2017-07-03 11:00:00,025A0002,33352,POINT (714944.3606951565 734152.4021234822)
-6.3059970000000005,53.343945,25,2017-07-03 11:00:00,025A1002,33356,POINT (712799.7854383506 733973.0147484676)
-6.253907,53.350792000000006,53,2017-07-03 11:00:00,00530001,44044,POINT (716249.4054668728 734818.3506116912)
-6.399904,53.356145999999995,25,2017-07-03 11:00:00,025B0002,33401,POINT (706516.7891934545 735186.269887822)
-6.256583,53.3481,25,2017-07-03 11:00:00,025B1002,33364,POINT (716078.5754894386 734514.4902960483)
-6.42577,53.35920600000001,25,2017-07-03 11:00:00,025B1002,33358,POINT (704787.533280788 735488.450221211)
-6.250026999999999,53.339059,25,2017-07-03 11:00:00,025B0002,43124,POINT (716539.6963109386 733519.286676291)
-6.442258,53.347561999999996,25,2017-07-03 11:00:00,025A0002,33406,POINT (703718.3659869041 734168.8526585879)
-6.2617769999999995,53.344264,150,2017-07-03 11:00:00,01500001,33495,POINT (715743.1744492406 734079.2728635767)
-6.3213099999999995,53.311685,150,2017-07-03 11:00:00,01500001,33518,POINT (711864.5803998143 730359.7270362986)
-6.43858,53.348760999999996,25,2017-07-03 11:00:00,025A1002,33399,POINT (703960.3217153992 734307.6033094604)
-6.440597,53.359683,25,2017-07-03 11:00:00,00250002,38056,POINT (703799.4952530788 735519.8619760039)
-6.322213,53.295381000000006,150,2017-07-03 11:00:00,01501001,33519,POINT (711847.0139865255 728544.3574027158)
-6.254064,53.350251,53,2017-07-03 11:00:00,00530001,44044,POINT (716240.4258239368 734757.904414227)
-6.28378,53.331277,150,2017-07-03 11:00:00,01501001,33493,POINT (714312.9142166742 732598.9213523461)
-6.301608,53.34519399999999,25,2017-07-03 11:00:00,025A1002,33356,POINT (713088.7088602487 734118.9192009992)
-6.274898,53.345191,25,2017-07-03 11:00:00,025A0002,33352,POINT (714867.0695148825 734161.2210261826)
-6.401546,53.356538,25,2017-07-03 11:00:00,025B0002,33401,POINT (706406.5145024142 735227.4355299142)
-6.2565669999999995,53.348082999999995,25,2017-07-03 11:00:00,025B1002,33364,POINT (716079.686879534 734512.6249217287)
-6.424773,53.359311,25,2017-07-03 11:00:00,025B1002,33358,POINT (704853.6353190972 735501.5964284124)
-6.443765,53.346006,25,2017-07-03 11:00:00,025A0002,33406,POINT (703621.8065948712 733993.5426214124)
-6.321146,53.31026899999999,150,2017-07-03 11:00:00,01500001,33518,POINT (711879.2109066494 730202.4419001061)
-6.261836,53.34426,150,2017-07-03 11:00:00,01500001,33495,POINT (715739.2569917853 734078.7321967205)
-6.436674,53.347781999999995,25,2017-07-03 11:00:00,025A1002,33399,POINT (704089.6003508298 734201.4556360216)
-6.443565,53.359126,25,2017-07-03 11:00:00,00250002,38056,POINT (703603.2995650214 735453.578370541)
-6.275108,53.345209,25,2017-07-03 11:01:00,025A0002,33352,POINT (714853.039353483 734162.8858688588)
-6.283424,53.33192,150,2017-07-03 11:01:00,01501001,33493,POINT (714334.9047439381 732671.0302522945)
-6.29861,53.345643,25,2017-07-03 11:01:00,025A1002,33356,POINT (713287.1257262822 734173.6267177763)
-6.405709,53.357551,25,2017-07-03 11:01:00,025B0002,33401,POINT (706126.8938346995 735333.9461176959)
-6.256533,53.34806700000001,25,2017-07-03 11:01:00,025B1002,33364,POINT (716081.9939077292 734510.9000696044)
-6.423209,53.359061,25,2017-07-03 11:01:00,025B1002,33358,POINT (704958.3484691989 735476.0793588106)
-6.445339,53.34455500000001,25,2017-07-03 11:01:00,025A0002,33406,POINT (703520.5243911699 733829.8199426857)
-6.2644660000000005,53.344170999999996,150,2017-07-03 11:01:00,01500001,33495,POINT (715564.3890420203 734064.5704872077)
-6.3208720000000005,53.309629,150,2017-07-03 11:01:00,01500001,33518,POINT (711899.1426529987 730131.6656601651)
-6.434275,53.347046,25,2017-07-03 11:01:00,025A1002,33399,POINT (704251.1152640715 734123.0674813817)
-6.325883,53.297286,150,2017-07-03 11:01:00,01501001,33519,POINT (711597.4126527057 728750.5657856959)
-6.44479,53.35907099999999,25,2017-07-03 11:01:00,00250002,38056,POINT (703521.8971284429 735445.6820375696)
-6.282734,53.33266,150,2017-07-03 11:01:00,01501001,33493,POINT (714378.8793006323 732754.4661965417)
-6.275108,53.345209,25,2017-07-03 11:01:00,025A0002,33352,POINT (714853.039353483 734162.8858688588)
-6.2972980000000005,53.345764,25,2017-07-03 11:01:00,025A1002,33356,POINT (713374.1568822542 734189.1714005353)
-6.410475,53.358546999999994,25,2017-07-03 11:01:00,025B0002,33401,POINT (705807.1923393866 735437.6877553025)
-6.256583,53.348032999999994,25,2017-07-03 11:01:00,025B1002,33364,POINT (716078.7575195946 734507.0360092659)
-6.2655199999999995,53.3442,150,2017-07-03 11:01:00,01500001,33495,POINT (715494.1338745182 734066.0916460268)
-6.420468,53.358954000000004,25,2017-07-03 11:01:00,025B1002,33358,POINT (705141.0519910806 735468.2076080955)
-6.320180000000001,53.308392000000005,150,2017-07-03 11:01:00,01500001,33518,POINT (711948.4910751678 729995.1231862021)
-6.433239,53.346461,25,2017-07-03 11:01:00,025A1002,33399,POINT (704321.5188693627 734059.4929589833)
-6.473521,53.337368000000005,25,2017-07-03 11:01:00,025B1002,33407,POINT (701661.1864391863 732989.6990784472)
-6.449922,53.344861,25,2017-07-03 11:01:00,025A0002,33406,POINT (703214.6375096247 733857.2315463661)
-6.446774,53.358879,25,2017-07-03 11:01:00,00250002,38056,POINT (703390.3070804605 735421.4448855632)
-6.283062999999999,53.333649,150,2017-07-03 11:01:00,01501001,33493,POINT (714354.3224224724 732863.9736833583)
-6.275108,53.345209,25,2017-07-03 11:01:00,025A0002,33352,POINT (714853.039353483 734162.8858688588)
-6.295908,53.345873,25,2017-07-03 11:01:00,025A1002,33356,POINT (713466.4125558567 734203.5065264956)
-6.25295,53.349484,53,2017-07-03 11:01:00,00530001,44044,POINT (716316.6750367035 734674.383767771)
-6.415109999999999,53.358858,25,2017-07-03 11:01:00,025B0002,33401,POINT (705497.9166419682 735465.4306833579)
-6.256583,53.34805,25,2017-07-03 11:01:00,025B1002,33364,POINT (716078.7113328538 734508.9273954576)
-6.415679,53.359053,25,2017-07-03 11:01:00,025B1002,33358,POINT (705459.5625339422 735486.2858754194)
-6.451706,53.345218,25,2017-07-03 11:02:00,025A0002,33406,POINT (703094.9937582334 733894.3745684362)
-6.3194989999999995,53.30751600000001,150,2017-07-03 11:02:00,01500001,33518,POINT (711996.1641947757 729898.7282363579)
-6.432230000000001,53.345624,25,2017-07-03 11:02:00,025A1002,33399,POINT (704390.7423075668 733967.8422683039)
-6.2552,53.346667000000004,150,2017-07-03 11:02:00,01500001,33475,POINT (716174.5452819108 734357.306899384)
-6.448252,53.358653000000004,25,2017-07-03 11:02:00,00250002,38056,POINT (703292.477656405 735394.1604674874)
-6.282741000000001,53.334093,150,2017-07-03 11:02:00,01501001,33493,POINT (714374.579006882 732913.8879872566)
-6.276754,53.345445,25,2017-07-03 11:02:00,025A0002,33352,POINT (714742.8151285874 734186.4964964711)
-6.324004,53.300624,150,2017-07-03 11:02:00,01501001,33519,POINT (711713.9450357453 729124.8824443271)
-6.293016000000001,53.346063,25,2017-07-03 11:02:00,025A1002,33356,POINT (713658.4537194551 734229.2452042791)
-6.2565669999999995,53.34805,25,2017-07-03 11:02:00,025B1002,33364,POINT (716079.7765370011 734508.9534073523)
-6.4511449999999995,53.347387,25,2017-07-03 11:02:00,025A0002,33406,POINT (703127.1110664639 734136.5099871579)
-6.419418,53.358856,25,2017-07-03 11:02:00,025B0002,33401,POINT (705211.1812358272 735458.8508947659)
-6.250026999999999,53.339059,25,2017-07-03 11:02:00,025B0002,43124,POINT (716539.6963109386 733519.286676291)
-6.319986,53.306943999999994,150,2017-07-03 11:02:00,01500001,33518,POINT (711965.2076829076 729834.3250876362)
-6.266385,53.344193000000004,150,2017-07-03 11:02:00,01500001,33495,POINT (715436.5599119867 734063.9140816805)
-6.431629,53.344781999999995,25,2017-07-03 11:02:00,025A1002,33399,POINT (704432.8150979499 733875.039481168)
-6.449046,53.358532,25,2017-07-03 11:02:00,00250002,38056,POINT (703239.9210419708 735379.549394466)
-6.323565,53.301190000000005,150,2017-07-03 11:02:00,01501001,33519,POINT (711741.7265826147 729188.541168405)
-6.281045,53.334405000000004,150,2017-07-03 11:02:00,01501001,33493,POINT (714486.6923627505 732951.3181430611)
-6.28094,53.34621,25,2017-07-03 11:02:00,025A0002,33352,POINT (714462.0638584592 734264.8905829687)
-6.292692,53.346104000000004,25,2017-07-03 11:02:00,025A1002,33356,POINT (713679.9161441681 734234.3225930459)
-6.253674,53.349596,53,2017-07-03 11:02:00,00530001,44044,POINT (716268.1713885099 734685.6654380164)
-6.42324,53.357872,25,2017-07-03 11:02:00,025B0002,33401,POINT (704959.2069829716 735343.7445958038)
-6.256533,53.348082999999995,25,2017-07-03 11:02:00,025B1002,33364,POINT (716081.9504365893 734512.6801977798)
-6.410882,53.358720999999996,25,2017-07-03 11:02:00,025B1002,33358,POINT (705779.6713175609 735456.4440091888)
-6.451067,53.34769,25,2017-07-03 11:02:00,025A0002,33406,POINT (703131.5728158639 734170.3347605335)
-6.321441,53.3061,150,2017-07-03 11:02:00,01500001,33518,POINT (711870.453040529 729738.1436370489)
-6.432251,53.34338399999999,25,2017-07-03 11:02:00,025A1002,33399,POINT (704394.8162470157 733718.5874256034)
-6.268455,53.34391899999999,150,2017-07-03 11:02:00,01500001,33495,POINT (715299.4757643342 734030.0848679862)
-6.4498120000000005,53.35730600000001,25,2017-07-03 11:02:00,00250002,38056,POINT (703191.8974749789 735242.0356657844)
-6.3234010000000005,53.301401,150,2017-07-03 11:02:00,01501001,33519,POINT (711752.1060682678 729212.2731851375)
-6.28348,53.346461,25,2017-07-03 11:02:00,025A0002,33352,POINT (714292.2833645568 734288.7477224022)
-6.280066000000001,53.334531999999996,150,2017-07-03 11:02:00,01501001,33493,POINT (714551.5502682654 732967.0178575078)
-6.292487,53.34613,25,2017-07-03 11:02:00,025A1002,33356,POINT (713693.4955867454 734237.5417131979)
-6.252166000000001,53.349385999999996,53,2017-07-03 11:02:00,00530001,44044,POINT (716369.1351879608 734664.7579892323)
-6.423253,53.356522,25,2017-07-03 11:02:00,025B0002,33401,POINT (704961.6591081982 735193.5233225075)
-6.2565669999999995,53.3481,25,2017-07-03 11:02:00,025B1002,33364,POINT (716079.6406923388 734514.5163079295)
-6.408182,53.35825,25,2017-07-03 11:02:00,025B1002,33358,POINT (705960.552107952 735408.0440782072)
-6.321911,53.305576,150,2017-07-03 11:03:00,01500001,33518,POINT (711840.5011522687 729679.1083704398)
-6.322296,53.303043,150,2017-07-03 11:03:00,01501001,33519,POINT (711821.4624824276 729396.6883163044)
-6.451055,53.347733999999996,25,2017-07-03 11:03:00,025A0002,33406,POINT (703132.2655448272 734175.2475817865)
-6.449793,53.357253,25,2017-07-03 11:03:00,00250002,38056,POINT (703193.2902129183 735236.1662806452)
-6.432259999999999,53.342482,25,2017-07-03 11:03:00,025A1002,33399,POINT (704396.4204422801 733618.2170710039)
-6.269340000000001,53.343749,150,2017-07-03 11:03:00,01500001,33495,POINT (715241.0093118974 734009.7423100094)
-6.247706,53.338253,25,2017-07-03 11:03:00,025B0002,43124,POINT (716696.4505125791 733433.4033649798)
-6.279026,53.334658999999995,150,2017-07-03 11:03:00,01501001,33493,POINT (714620.4701539605 732982.8163670155)
-6.286166000000001,53.346587,25,2017-07-03 11:03:00,025A0002,33352,POINT (714113.1182936318 734298.4702501523)
-6.291397,53.346543000000004,25,2017-07-03 11:03:00,025A1002,33356,POINT (713764.9666413486 734285.2276360453)
-6.251947,53.34938199999999,53,2017-07-03 11:03:00,00530001,44044,POINT (716383.7256001261 734664.6699133342)
-6.421666,53.354877,25,2017-07-03 11:03:00,025B0002,33401,POINT (705071.3419638826 735012.8335748533)
-6.256583,53.3481,25,2017-07-03 11:03:00,025B1002,33364,POINT (716078.5754894386 734514.4902960483)
-6.403944,53.357604,25,2017-07-03 11:03:00,025B1002,33358,POINT (706244.2437319274 735342.4680277234)
-6.247313,53.338632,25,2017-07-03 11:03:00,025B0002,43124,POINT (716721.5855159621 733476.2123358191)
-6.322055000000001,53.303541,150,2017-07-03 11:03:00,01500001,33518,POINT (711836.2227742104 729452.4721990378)
-6.269369999999999,53.343743999999994,150,2017-07-03 11:03:00,01500001,33495,POINT (715239.0253330132 734009.1376024082)
-6.4316629999999995,53.340846,25,2017-07-03 11:03:00,025A1002,33399,POINT (704440.170024918 733437.0674857541)
-6.450051,53.356384999999996,25,2017-07-03 11:03:00,00250002,38056,POINT (703178.2137287953 735139.2186296919)
-6.279205,53.335717,150,2017-07-03 11:03:00,01501001,33493,POINT (714605.7127502075 733100.2402294095)
-6.289748,53.346737,25,2017-07-03 11:03:00,025A0002,33352,POINT (713874.2366480794 734309.440390246)
-6.322159,53.304565000000004,150,2017-07-03 11:03:00,01501001,33519,POINT (711826.6158205748 729566.2379513043)
-6.290993,53.347108999999996,25,2017-07-03 11:03:00,025A1002,33356,POINT (713790.3567740072 734348.8437492077)
-6.421661,53.354868999999994,25,2017-07-03 11:03:00,025B0002,33401,POINT (705071.6944730165 735011.9508467198)
-6.256633,53.348117,25,2017-07-03 11:03:00,025B1002,33364,POINT (716075.2005449026 734516.3003966833)
-6.257033,53.346517000000006,150,2017-07-03 11:03:00,01500001,33475,POINT (716052.9163055379 734337.6373855546)
-6.3231839999999995,53.30168199999999,150,2017-07-03 11:03:00,01500001,33518,POINT (711765.8350021512 729243.876219222)
-6.24683,53.33910600000001,25,2017-07-03 11:03:00,025B0002,43124,POINT (716752.4535647219 733529.7380740523)
-6.270029,53.343203,150,2017-07-03 11:03:00,01500001,33495,POINT (715196.6061239528 733947.8835930004)
-6.401733,53.357471,25,2017-07-03 11:03:00,025B1002,33358,POINT (706391.7431348483 735330.9629139149)
-6.322159,53.304565000000004,150,2017-07-03 11:03:00,01501001,33519,POINT (711826.6158205748 729566.2379513043)
-6.453043,53.355954000000004,25,2017-07-03 11:03:00,00250002,38056,POINT (702980.0929297686 735086.9453033403)
-6.430615,53.340402000000005,25,2017-07-03 11:03:00,025A1002,33399,POINT (704511.0401592852 733389.200989702)
-6.291530000000001,53.346293,25,2017-07-03 11:03:00,025A0002,33352,POINT (713756.7773557529 734257.2010947606)
-6.279328,53.336934,150,2017-07-03 11:03:00,01501001,33493,POINT (714594.2588271108 733235.4440636261)
-6.251146,53.349724,53,2017-07-03 11:03:00,00530001,44044,POINT (716436.118592771 734704.0260900453)
-6.288615,53.347173,25,2017-07-03 11:03:00,025A1002,33356,POINT (713948.5063410442 734359.7566404095)
-6.42143,53.353334999999994,25,2017-07-03 11:03:00,025B0002,33401,POINT (705090.8450551232 734841.616787825)
-6.256517,53.34806700000001,25,2017-07-03 11:03:00,025B1002,33364,POINT (716083.0591114444 734510.9260822419)
-6.25711,53.346501,150,2017-07-03 11:03:00,01500001,33475,POINT (716047.8332820319 734335.7321090657)
-6.399854,53.356398999999996,25,2017-07-03 11:03:00,025B1002,33358,POINT (706519.4864637103 735214.4933872045)
-6.2467559999999995,53.33975,25,2017-07-03 11:03:00,025B0002,43124,POINT (716755.6218292778 733601.5090228653)
-6.324052,53.300303,150,2017-07-03 11:03:00,01500001,33518,POINT (711711.5836720216 729089.093472332)
-6.429434,53.340301000000004,25,2017-07-03 11:03:00,025A1002,33399,POINT (704589.9287580472 733379.6927289427)
-6.457166,53.355211,25,2017-07-03 11:03:00,00250002,38056,POINT (702707.4325983074 734998.3391829502)
-6.32216,53.305125,150,2017-07-03 11:03:00,01501001,33519,POINT (711825.0858097059 729628.5410680657)
-6.278758,53.337627000000005,150,2017-07-03 11:04:00,01501001,33493,POINT (714630.3581605074 733313.4608302752)
-6.29384,53.345925,25,2017-07-03 11:04:00,025A0002,33352,POINT (713603.9597515521 734212.5802043471)
-6.286711,53.347069999999995,25,2017-07-03 11:04:00,025A1002,33356,POINT (714075.5438292115 734351.3372429316)
-6.250635,53.350460999999996,53,2017-07-03 11:04:00,00530001,44044,POINT (716468.127968211 734786.8566456287)
-6.25645,53.348017000000006,25,2017-07-03 11:04:00,025B1002,33364,POINT (716087.6555056963 734505.4721123008)
-6.422525,53.35116899999999,25,2017-07-03 11:04:00,025B0002,33401,POINT (705023.2771542496 734599.014815539)
-6.395783,53.355737,25,2017-07-03 11:04:00,025B1002,33358,POINT (706792.1220492845 735146.920507207)
-6.249542,53.340741,25,2017-07-03 11:04:00,025B0002,43124,POINT (716567.4043338967 733707.2138489066)
-6.429419,53.3403,25,2017-07-03 11:04:00,025A1002,33399,POINT (704590.9300403018 733379.6034377153)
-6.460962,53.35555600000001,25,2017-07-03 11:04:00,00250002,38056,POINT (702453.9204574104 735031.2704266963)
-6.321823,53.305686,150,2017-07-03 11:04:00,01501001,33519,POINT (711846.0781493254 729691.4845576242)
-6.29384,53.345925,25,2017-07-03 11:04:00,025A0002,33352,POINT (713603.9597515521 734212.5802043471)
-6.279237,53.338347,150,2017-07-03 11:04:00,01501001,33493,POINT (714596.530258468 733392.7979537605)
-6.284664,53.347014,25,2017-07-03 11:04:00,025A1002,33356,POINT (714211.9768027238 734348.3791092036)
-6.250297,53.350993,53,2017-07-03 11:04:00,00530001,44044,POINT (716489.1784767077 734846.5972886939)
-6.422769000000001,53.350737,25,2017-07-03 11:04:00,025B0002,33401,POINT (705008.0954008072 734550.5913019299)
-6.25645,53.348,25,2017-07-03 11:04:00,025B1002,33364,POINT (716087.7016959417 734503.5807261565)
-6.392004,53.356001,25,2017-07-03 11:04:00,025B1002,33358,POINT (707043.0081366777 735181.9524207936)
-6.251342,53.341391,25,2017-07-03 11:04:00,025B0002,43124,POINT (716445.7773591988 733776.594561346)
-6.270061,53.340984999999996,150,2017-07-03 11:04:00,01500001,33495,POINT (715200.4544113118 733701.0614198492)
-6.428911,53.340256000000004,25,2017-07-03 11:04:00,025A1002,33399,POINT (704624.8649653002 733375.4521243901)
-6.463449,53.355048,25,2017-07-03 11:04:00,00250002,38056,POINT (702289.5884768616 734971.1836953664)
-6.321036,53.30645500000001,150,2017-07-03 11:04:00,01501001,33519,POINT (711896.5144489963 729778.2746310075)
-6.279237,53.338347,150,2017-07-03 11:04:00,01501001,33493,POINT (714596.530258468 733392.7979537605)
-6.283405999999999,53.34698,25,2017-07-03 11:04:00,025A1002,33356,POINT (714295.8218087269 734346.6093050583)
-6.29384,53.345925,25,2017-07-03 11:04:00,025A0002,33352,POINT (713603.9597515521 734212.5802043471)
-6.451055,53.347733999999996,25,2017-07-03 11:04:00,025A0002,33406,POINT (703132.2655448272 734175.2475817865)
-6.424068,53.34851999999999,25,2017-07-03 11:04:00,025B0002,33401,POINT (704927.0620781088 734302.0166122236)
-6.256467,53.348,25,2017-07-03 11:04:00,025B1002,33364,POINT (716086.5699152304 734503.5530866556)
-6.391902,53.356014,25,2017-07-03 11:04:00,025B1002,33358,POINT (707049.7651030724 735183.551738031)
-6.4509,53.34765,25,2017-07-03 11:05:00,025A0002,33406,POINT (703142.7878468449 734166.1255322609)
-6.251646,53.341492,25,2017-07-03 11:05:00,025B0002,43124,POINT (716425.2601834253 733787.3358993809)
-6.324152,53.295936,150,2017-07-03 11:05:00,01500001,33518,POINT (711716.3157273391 728603.0722210426)
-6.270068,53.340697999999996,150,2017-07-03 11:05:00,01500001,33495,POINT (715200.7619408526 733669.119047549)
-6.426608,53.339891,25,2017-07-03 11:05:00,025A1002,33399,POINT (704779.1143908326 733338.2186232)
-6.29384,53.345925,25,2017-07-03 11:05:00,025A0002,33352,POINT (713603.9597515521 734212.5802043471)
-6.279237,53.338347,150,2017-07-03 11:05:00,01501001,33493,POINT (714596.530258468 733392.7979537605)
-6.3220339999999995,53.307272,150,2017-07-03 11:05:00,01501001,33519,POINT (711827.8718365892 729867.6100447782)
-6.462855,53.353381999999996,25,2017-07-03 11:05:00,00250002,38056,POINT (702333.1198112909 734786.6733604757)
-6.281073,53.346729,25,2017-07-03 11:05:00,025A1002,33356,POINT (714451.8187235135 734322.4204940001)
-6.391902,53.356014,25,2017-07-03 11:05:00,025B1002,33358,POINT (707049.7651030724 735183.551738031)
-6.4509,53.347632999999995,25,2017-07-03 11:05:00,025A0002,33406,POINT (703142.828883982 734164.2340933082)
-6.424561,53.34768199999999,25,2017-07-03 11:05:00,025B0002,33401,POINT (704896.2973444441 734208.0557756238)
-6.256433,53.348,25,2017-07-03 11:05:00,025B1002,33364,POINT (716088.8334766503 734503.6083659265)
-6.252225,53.341696999999996,25,2017-07-03 11:05:00,025B0002,43124,POINT (716386.1489134002 733809.1998782048)
-6.322323,53.295258999999994,150,2017-07-03 11:05:00,01500001,33518,POINT (711840.0003419262 728530.611717027)
-6.269334,53.338884,150,2017-07-03 11:05:00,01500001,33495,POINT (715254.5284990661 733468.4812788353)
-6.425799,53.33975699999999,25,2017-07-03 11:05:00,025A1002,33399,POINT (704833.3140664074 733324.497025163)
-6.462946,53.352185999999996,25,2017-07-03 11:05:00,00250002,38056,POINT (702329.9268602361 734653.4743218974)
-6.32138,53.307801,150,2017-07-03 11:05:00,01501001,33519,POINT (711870.0709904924 729927.4896714488)
-6.279237,53.338347,150,2017-07-03 11:05:00,01501001,33493,POINT (714596.530258468 733392.7979537605)
-6.2806370000000005,53.346678000000004,25,2017-07-03 11:05:00,025A1002,33356,POINT (714480.9831864599 734317.4452747703)
-6.424769,53.347327,25,2017-07-03 11:05:00,025B0002,33401,POINT (704883.3206436909 734168.2526784129)
-6.25645,53.348032999999994,25,2017-07-03 11:05:00,025B1002,33364,POINT (716087.6120325146 734507.2522404401)
-6.391902,53.356014,25,2017-07-03 11:05:00,025B1002,33358,POINT (707049.7651030724 735183.551738031)
-6.252225,53.341696999999996,25,2017-07-03 11:05:00,025B0002,43124,POINT (716386.1489134002 733809.1998782048)
-6.321293,53.296397999999996,150,2017-07-03 11:05:00,01500001,33518,POINT (711905.6806909692 728658.9475224096)
-6.2700309999999995,53.338237,150,2017-07-03 11:05:00,01500001,33495,POINT (715209.8595242507 733395.3725748417)
-6.424614,53.340281999999995,25,2017-07-03 11:05:00,025A1002,33399,POINT (704910.9342899816 733384.6490913207)
-6.463107,53.351852,25,2017-07-03 11:05:00,00250002,38056,POINT (702320.0089142193 734616.0822923396)
-6.32046,53.308071999999996,150,2017-07-03 11:05:00,01501001,33519,POINT (711930.669614156 729959.0817612506)
-6.246283999999999,53.355066,53,2017-07-03 11:05:00,00530001,44044,POINT (716745.1943199787 735306.3057206352)
-6.279237,53.338347,150,2017-07-03 11:05:00,01501001,33493,POINT (714596.530258468 733392.7979537605)
-6.4509,53.347632999999995,25,2017-07-03 11:05:00,025A0002,33406,POINT (703142.828883982 734164.2340933082)
-6.280151,53.3466,25,2017-07-03 11:05:00,025A1002,33356,POINT (714513.5489645753 734309.5464448797)
-6.424634999999999,53.346963,25,2017-07-03 11:05:00,025B0002,33401,POINT (704893.1356709022 734127.950617364)
-6.256483,53.34806700000001,25,2017-07-03 11:05:00,025B1002,33364,POINT (716085.3226693304 734510.9813598876)
-6.3904879999999995,53.356264,25,2017-07-03 11:05:00,025B1002,33358,POINT (707143.2597223669 735213.4878870798)
-6.450883,53.347632999999995,25,2017-07-03 11:05:00,025A0002,33406,POINT (703143.9607060805 734164.2586497382)
-6.252465,53.341804,25,2017-07-03 11:05:00,025B0002,43124,POINT (716369.8771171089 733820.7133151301)
-6.271311,53.338454000000006,150,2017-07-03 11:05:00,01500001,33495,POINT (715124.0389272235 733417.4512494735)
-6.42387,53.341471,25,2017-07-03 11:05:00,025A1002,33399,POINT (704957.5564738801 733518.0312113591)
-6.463123,53.351822999999996,25,2017-07-03 11:05:00,00250002,38056,POINT (702319.0132292013 734612.832784065)
-6.3202739999999995,53.308558,150,2017-07-03 11:05:00,01501001,33519,POINT (711941.7928392072 730013.444779994)
-6.279486,53.338698,150,2017-07-03 11:06:00,01501001,33493,POINT (714579.0082249056 733431.4500362222)
-6.277092,53.34600699999999,25,2017-07-03 11:06:00,025A1002,33356,POINT (714718.8023835953 734248.4805704298)
-6.424605000000001,53.346957999999994,25,2017-07-03 11:06:00,025B0002,33401,POINT (704895.1453027566 734127.4383841597)
-6.256533,53.348082999999995,25,2017-07-03 11:06:00,025B1002,33364,POINT (716081.9504365893 734512.6801977798)
-6.3863080000000005,53.356962,25,2017-07-03 11:06:00,025B1002,33358,POINT (707419.7407409921 735297.4286419228)
-6.251156,53.342087,25,2017-07-03 11:06:00,025B0002,43124,POINT (716456.2656073682 733854.3333318073)
-6.320311,53.29738199999999,150,2017-07-03 11:06:00,01500001,33518,POINT (711968.5633548887 728769.964058036)
-6.473521,53.337368000000005,25,2017-07-03 11:06:00,025B1002,33407,POINT (701661.1864391863 732989.6990784472)
-6.423692,53.34174599999999,25,2017-07-03 11:06:00,025A1002,33399,POINT (704968.733537517 733548.8895136341)
-6.463214,53.351666,25,2017-07-03 11:06:00,00250002,38056,POINT (702313.3312332304 734595.2343474397)
-6.32138,53.311221999999994,150,2017-07-03 11:06:00,01501001,33519,POINT (711861.1266783496 730308.1047543705)
-6.27998,53.33931,150,2017-07-03 11:06:00,01501001,33493,POINT (714544.472524069 733498.7475628348)
-6.30495,53.344232999999996,25,2017-07-03 11:06:00,025A0002,33352,POINT (712868.7362431639 734006.71173619)
-6.275218,53.345728,25,2017-07-03 11:06:00,025A1002,33356,POINT (714844.3206373104 734220.4519873203)
-6.422282,53.346625,25,2017-07-03 11:06:00,025B0002,33401,POINT (705050.6260184969 734093.8036435274)
-6.25655,53.348082999999995,25,2017-07-03 11:06:00,025B1002,33364,POINT (716080.8186580631 734512.6525596187)
-6.257031,53.346168000000006,150,2017-07-03 11:06:00,01500001,33475,POINT (716053.9973825647 734298.8115977604)
-6.381295,53.357029000000004,25,2017-07-03 11:06:00,025B1002,33358,POINT (707753.2500802561 735312.4373016179)
-6.4509,53.34765,25,2017-07-03 11:06:00,025A0002,33406,POINT (703142.7878468449 734166.1255322609)
-6.250125,53.34278199999999,25,2017-07-03 11:06:00,025B0002,43124,POINT (716523.0191411442 733933.3394606148)
-6.319088,53.29883,150,2017-07-03 11:06:00,01500001,33518,POINT (712046.2917875971 728932.9832042095)
-6.471806,53.337129000000004,25,2017-07-03 11:06:00,025B1002,33407,POINT (701775.9641560253 732965.5503852884)
-6.423087000000001,53.342690000000005,25,2017-07-03 11:06:00,025A1002,33399,POINT (705006.6989607409 733654.8090123944)
-6.463499,53.351381,25,2017-07-03 11:06:00,00250002,38056,POINT (702295.0407418229 734563.1165059651)
-6.321194,53.311873,150,2017-07-03 11:06:00,01501001,33519,POINT (711871.8181777041 730380.8252840602)
-6.238074,53.36010600000001,53,2017-07-03 11:06:00,00530001,44044,POINT (717277.8460240252 735880.5019459452)
-6.30742,53.343456999999994,25,2017-07-03 11:06:00,025A0002,33352,POINT (712706.3261096388 733916.4734787112)
-6.278618,53.339814000000004,150,2017-07-03 11:06:00,01501001,33493,POINT (714633.8150570004 733557.0073053493)
-6.451023999999999,53.347621999999994,25,2017-07-03 11:06:00,025A1002,33406,POINT (703134.5997916716 734162.8311116905)
-6.2735,53.34559,25,2017-07-03 11:06:00,025A1002,33356,POINT (714959.0747363648 734207.8629416606)
-6.420236,53.346043,25,2017-07-03 11:06:00,025B0002,33401,POINT (705188.2795118543 734032.0619796276)
-6.2565669999999995,53.34806700000001,25,2017-07-03 11:06:00,025B1002,33364,POINT (716079.7303498259 734510.8447935447)
-6.257031,53.346168000000006,150,2017-07-03 11:06:00,01500001,33475,POINT (716053.9973825647 734298.8115977604)
-6.376172,53.356054,25,2017-07-03 11:06:00,025B1002,33358,POINT (708096.7170113403 735211.7028865778)
-6.249662,53.343548,25,2017-07-03 11:06:00,025B0002,43124,POINT (716551.758006034 734019.3185900634)
-6.3192699999999995,53.299136,150,2017-07-03 11:06:00,01500001,33518,POINT (712033.3600755557 728966.7428145463)
-6.422657,53.343481000000004,25,2017-07-03 11:06:00,025A1002,33399,POINT (705033.3864655225 733743.4485559948)
-6.463564,53.351316000000004,25,2017-07-03 11:06:00,00250002,38056,POINT (702290.8691903166 734555.7913946932)
-6.31991,53.313584,150,2017-07-03 11:06:00,01501001,33519,POINT (711952.8964503047 730573.2000927202)
-6.3104949999999995,53.343365000000006,25,2017-07-03 11:07:00,025A0002,33352,POINT (712501.82576724 733901.3885271364)
-6.278194,53.339828000000004,150,2017-07-03 11:07:00,01501001,33493,POINT (714662.0109432389 733559.2456597639)
-6.272937000000001,53.345549,25,2017-07-03 11:07:00,025A1002,33356,POINT (714996.6692036144 734204.2079295884)
-6.25655,53.348032999999994,25,2017-07-03 11:07:00,025B1002,33364,POINT (716080.95450402 734507.0896590698)
-6.41943,53.34559,25,2017-07-03 11:07:00,025B0002,33401,POINT (705243.0586781086 733982.8485585434)
-6.257031,53.346168000000006,150,2017-07-03 11:07:00,01500001,33475,POINT (716053.9973825647 734298.8115977604)
-6.373196,53.355332,25,2017-07-03 11:07:00,025B1002,33358,POINT (708296.6418102996 735135.8830924508)
-6.249551,53.343739,25,2017-07-03 11:07:00,025B0002,43124,POINT (716558.6276456425 734040.7500206757)
-6.420043,53.343385,25,2017-07-03 11:07:00,025A1002,33399,POINT (705207.6733157217 733736.6156471522)
-6.463680999999999,53.351199,25,2017-07-03 11:07:00,00250002,38056,POINT (702283.360363982 734542.6062042015)
-6.31985,53.313635,150,2017-07-03 11:07:00,01501001,33519,POINT (711956.7607567252 730578.9683101041)
-6.272937000000001,53.345549,25,2017-07-03 11:07:00,025A1002,33356,POINT (714996.6692036144 734204.2079295884)
-6.315007,53.343031,25,2017-07-03 11:07:00,025A0002,33352,POINT (712202.279674843 733857.1287893022)
-6.418633,53.344403,25,2017-07-03 11:07:00,025B0002,33401,POINT (705299.0484253176 733851.9572251977)
-6.2566,53.34806700000001,25,2017-07-03 11:07:00,025B1002,33364,POINT (716077.5333671438 734510.7911442827)
-6.373113,53.355311,25,2017-07-03 11:07:00,025B1002,33358,POINT (708302.219954082 735133.6725327815)
-6.251283,53.344527,25,2017-07-03 11:07:00,025B0002,43124,POINT (716441.1604739324 734125.5953462856)
-6.4735830000000005,53.337182999999996,25,2017-07-03 11:07:00,025B1002,33407,POINT (701657.4975926279 732969.027485156)
-6.418648999999999,53.343545999999996,25,2017-07-03 11:07:00,025A1002,33399,POINT (705300.0948400383 733756.5833308174)
-6.317906,53.315059999999995,150,2017-07-03 11:07:00,01501001,33519,POINT (712082.5548772779 730740.5601653545)
-6.272937000000001,53.345549,25,2017-07-03 11:07:00,025A1002,33356,POINT (714996.6692036144 734204.2079295884)
-6.31567,53.342983,25,2017-07-03 11:07:00,025A0002,33352,POINT (712158.2606823486 733850.7467818123)
-6.2368120000000005,53.352264,53,2017-07-03 11:07:00,00530001,44044,POINT (717383.3897126846 735010.0921304884)
-6.2762400000000005,53.33971,150,2017-07-03 11:07:00,01500001,33495,POINT (714792.4413899054 733549.2565387762)
-6.418601,53.343875,25,2017-07-03 11:07:00,025B0002,33401,POINT (705302.4801535377 733793.2588369099)
-6.372264,53.355098,25,2017-07-03 11:07:00,025B1002,33358,POINT (708359.2740393688 735111.2623493051)
-6.25321,53.344936,25,2017-07-03 11:08:00,025B0002,43124,POINT (716311.7461504147 734167.9591226851)
-6.466133,53.3373,25,2017-07-03 11:08:00,025B1002,33407,POINT (702153.3449736743 732992.6758984542)
-6.418711,53.344683999999994,25,2017-07-03 11:08:00,025A1002,33399,POINT (705293.1625988793 733883.1064271033)
-6.274326,53.33929499999999,150,2017-07-03 11:08:00,01501001,33493,POINT (714921.0075761005 733506.1629391983)
-6.316285,53.342939,25,2017-07-03 11:08:00,025A0002,33352,POINT (712117.4271155152 733844.8855841581)
-6.256616999999999,53.348082999999995,25,2017-07-03 11:08:00,025B1002,33364,POINT (716076.3581191374 734512.5436353768)
-6.317282,53.315472,150,2017-07-03 11:08:00,01501001,33519,POINT (712123.0504024364 730787.3779334003)
-6.272001,53.345562,25,2017-07-03 11:08:00,025A1002,33356,POINT (715058.9524400155 734207.1621443194)
-6.239502,53.360772999999995,53,2017-07-03 11:08:00,00530001,44044,POINT (717180.973444246 735952.3660255024)
-6.418833,53.343484,25,2017-07-03 11:08:00,025B0002,33401,POINT (705287.996167549 733749.4138597946)
-6.279515,53.339552000000005,150,2017-07-03 11:08:00,01500001,33495,POINT (714574.7877060501 733526.4180467383)
-6.371277,53.354851000000004,25,2017-07-03 11:08:00,025B1002,33358,POINT (708425.6010532426 735085.279567941)
-6.2542349999999995,53.345127000000005,25,2017-07-03 11:08:00,025B0002,43124,POINT (716242.9819635225 734187.5402167903)
-6.46355,53.337517000000005,25,2017-07-03 11:08:00,025B1002,33407,POINT (702324.8377992738 733020.5174850577)
-6.418711,53.344683999999994,25,2017-07-03 11:08:00,025A1002,33399,POINT (705293.1625988793 733883.1064271033)
-6.272664,53.339110999999995,150,2017-07-03 11:08:00,01501001,33493,POINT (715032.1738560516 733488.3674407342)
-6.31717,53.315665,150,2017-07-03 11:08:00,01501001,33519,POINT (712130.0066749471 730809.0266232289)
-6.319189,53.342843,25,2017-07-03 11:08:00,025A0002,33352,POINT (711924.3190893024 733829.6490027311)
-6.270795,53.345682,25,2017-07-03 11:08:00,025A1002,33356,POINT (715138.9237054869 734222.4571508557)
-6.421956,53.343428,25,2017-07-03 11:08:00,025B0002,33401,POINT (705080.192160395 733738.5830705839)
-6.256583,53.348082999999995,25,2017-07-03 11:08:00,025B1002,33364,POINT (716078.6216762098 734512.5989098431)
-6.279788,53.339104000000006,150,2017-07-03 11:08:00,01500001,33495,POINT (714557.809793349 733476.1363591966)
-6.257031,53.346168000000006,150,2017-07-03 11:08:00,01500001,33475,POINT (716053.9973825647 734298.8115977604)
-6.371277,53.354851000000004,25,2017-07-03 11:08:00,025B1002,33358,POINT (708425.6010532426 735085.279567941)
-6.25517,53.346215,25,2017-07-03 11:08:00,025B0002,43124,POINT (716177.7715976659 734307.0671133543)
-6.418972,53.345149,25,2017-07-03 11:08:00,025A1002,33399,POINT (705274.6390899771 733934.4577699866)
-6.323323,53.343367,25,2017-07-03 11:08:00,025A0002,33352,POINT (711647.691718259 733881.4769886923)
-6.316883,53.316476,150,2017-07-03 11:08:00,01501001,33519,POINT (712147.0021821093 730899.7077967067)
-6.272581,53.339423,150,2017-07-03 11:08:00,01501001,33493,POINT (715036.8609879167 733523.2136844664)
-6.464201999999999,53.350671999999996,25,2017-07-03 11:08:00,00251002,38056,POINT (702249.9374595042 734483.2252483704)
-6.269864,53.345803000000004,25,2017-07-03 11:08:00,025A1002,33356,POINT (715200.5826120073 734237.4210516004)
-6.3192699999999995,53.299136,150,2017-07-03 11:08:00,01500001,33518,POINT (712033.3600755557 728966.7428145463)
-6.239502,53.360772999999995,53,2017-07-03 11:08:00,00530001,44044,POINT (717180.973444246 735952.3660255024)
-6.256633,53.3481,25,2017-07-03 11:08:00,025B1002,33364,POINT (716075.2467303589 734514.4090104577)
-6.422958,53.342826,25,2017-07-03 11:08:00,025B0002,33401,POINT (705014.9542553212 733670.1301577714)
-6.279751999999999,53.339054000000004,150,2017-07-03 11:08:00,01500001,33495,POINT (714560.3410347791 733470.6311999992)
-6.370157,53.354578000000004,25,2017-07-03 11:08:00,025B1002,33358,POINT (708500.848155973 735056.60705489)
-6.255168,53.346265,25,2017-07-03 11:08:00,025B0002,43124,POINT (716177.7688034469 734312.6332653549)
-6.319533,53.299333,150,2017-07-03 11:08:00,01500001,33518,POINT (712015.3150106878 728988.2483172785)
-6.420171,53.346008,25,2017-07-03 11:08:00,025A1002,33399,POINT (705192.6933727197 734028.2636123149)
-6.272581,53.339423,150,2017-07-03 11:08:00,01501001,33493,POINT (715036.8609879167 733523.2136844664)
-6.315462,53.317719999999994,150,2017-07-03 11:08:00,01501001,33519,POINT (712238.4121225744 731040.3452400758)
-6.32829,53.344331000000004,25,2017-07-03 11:09:00,025A0002,33352,POINT (711314.4615646584 733980.9761117854)
-6.26923,53.345887,25,2017-07-03 11:09:00,025A1002,33356,POINT (715242.5670760404 734247.78981287)
-6.238913,53.360552,53,2017-07-03 11:09:00,00530001,44044,POINT (717220.7811001663 735928.7450010112)
-6.4237660000000005,53.34163100000001,25,2017-07-03 11:09:00,025B0002,33401,POINT (704964.0885677113 733535.9857705171)
-6.25665,53.348082999999995,25,2017-07-03 11:09:00,025B1002,33364,POINT (716074.1611372617 734512.4899876626)
-6.257031,53.346168000000006,150,2017-07-03 11:09:00,01500001,33475,POINT (716053.9973825647 734298.8115977604)
-6.36735,53.35390699999999,25,2017-07-03 11:09:00,025B1002,33358,POINT (708689.4067307232 734986.2210844278)
-6.255168,53.346265,25,2017-07-03 11:09:00,025B0002,43124,POINT (716177.7688034469 734312.6332653549)
-6.31955,53.299317,150,2017-07-03 11:09:00,01500001,33518,POINT (712014.2238025172 728986.441533076)
-6.422704,53.346665,25,2017-07-03 11:09:00,025A1002,33399,POINT (705022.4313305923 734097.6333084273)
-6.459697,53.337782999999995,25,2017-07-03 11:09:00,025B1002,33407,POINT (702580.7846911147 733055.6405870795)
-6.27237,53.339960999999995,150,2017-07-03 11:09:00,01501001,33493,POINT (715049.4629637804 733583.4104940279)
-6.315082,53.319053000000004,150,2017-07-03 11:09:00,01501001,33519,POINT (712260.2302471433 731189.2499558501)
-6.333586,53.345068999999995,25,2017-07-03 11:09:00,025A0002,33352,POINT (710959.9280040166 734054.8425317308)
-6.26923,53.345887,25,2017-07-03 11:09:00,025A1002,33356,POINT (715242.5670760404 734247.78981287)
-6.236668,53.359304,53,2017-07-03 11:09:00,00530001,44044,POINT (717373.6282998412 735793.5838261445)
-6.424617,53.340277,25,2017-07-03 11:09:00,025B0002,33401,POINT (704910.7467964131 733384.0883810301)
-6.27948,53.33869,150,2017-07-03 11:09:00,01500001,33495,POINT (714579.4292120625 733430.5695975082)
-6.256633,53.3481,25,2017-07-03 11:09:00,025B1002,33364,POINT (716075.2467303589 734514.4090104577)
-6.255154,53.346718,150,2017-07-03 11:09:00,01500001,33475,POINT (716177.4691709792 734363.0559008165)
-6.36701,53.35383100000001,25,2017-07-03 11:09:00,025B1002,33358,POINT (708712.2329980334 734978.2829727593)
-6.255168,53.346265,25,2017-07-03 11:09:00,025B0002,43124,POINT (716177.7688034469 734312.6332653549)
-6.31955,53.2993,150,2017-07-03 11:09:00,01500001,33518,POINT (712014.2682920486 728984.5501432808)
-6.459697,53.337782999999995,25,2017-07-03 11:09:00,025B1002,33407,POINT (702580.7846911147 733055.6405870795)
-6.422777,53.346672,25,2017-07-03 11:09:00,025A1002,33399,POINT (705017.5538576068 734098.3047670418)
-6.272333000000001,53.342071999999995,150,2017-07-03 11:09:00,01501001,33493,POINT (715046.2437697409 733818.3360769416)
-6.315434,53.319559999999996,150,2017-07-03 11:09:00,01501001,33519,POINT (712235.4492058923 731245.1048550017)
-6.3388800000000005,53.3445,25,2017-07-03 11:09:00,025A0002,33352,POINT (710608.9226382944 733983.3224125373)
-6.268332,53.346006,25,2017-07-03 11:09:00,025A1002,33356,POINT (715302.0336787471 734262.4792612005)
-6.235386,53.358495999999995,53,2017-07-03 11:09:00,00530001,44044,POINT (717461.1772654597 735705.7960248247)
-6.425656,53.339734,25,2017-07-03 11:09:00,025B0002,33401,POINT (704842.8928303726 733322.1479680371)
-6.2790919999999995,53.338148,150,2017-07-03 11:09:00,01500001,33495,POINT (714606.7195022929 733370.8902682364)
-6.257829,53.347202,150,2017-07-03 11:09:00,01500001,33475,POINT (715998.060795492 734412.5556470877)
-6.366105,53.353664,25,2017-07-03 11:09:00,025B1002,33358,POINT (708772.901666745 734961.0809374508)
-6.255115,53.347026,25,2017-07-03 11:09:00,025B0002,43124,POINT (716179.2281994491 734397.3868117623)
-6.458892,53.337618000000006,25,2017-07-03 11:10:00,025B1002,33407,POINT (702634.7884102272 733038.4391404153)
-6.423603,53.346777,25,2017-07-03 11:10:00,025A1002,33399,POINT (704962.3016607164 734108.7726307582)
-6.2709589999999995,53.343067000000005,150,2017-07-03 11:10:00,01501001,33493,POINT (715135.0503976943 733931.2525397593)
-6.344118,53.344741000000006,25,2017-07-03 11:10:00,025A0002,33352,POINT (710259.5461908318 734002.0349255045)
-6.315582,53.31974399999999,150,2017-07-03 11:10:00,01501001,33519,POINT (712225.1066084394 731265.3438775208)
-6.268109,53.346028000000004,25,2017-07-03 11:10:00,025A1002,33356,POINT (715316.8213241617 734265.2870669374)
-6.427291,53.340004,25,2017-07-03 11:10:00,025B0002,33401,POINT (704733.3567734989 733349.7891496295)
-6.235638,53.358366000000004,53,2017-07-03 11:10:00,00530001,44044,POINT (717444.7619445235 735690.9179133403)
-6.279036,53.338072,150,2017-07-03 11:10:00,01500001,33495,POINT (714610.6523890205 733362.524519651)
-6.256616999999999,53.3481,25,2017-07-03 11:10:00,025B1002,33364,POINT (716076.3119332673 734514.4350215932)
-6.2578949999999995,53.345521,150,2017-07-03 11:10:00,01500001,33475,POINT (715998.2302550123 734225.4237201118)
-6.362049,53.353253,25,2017-07-03 11:10:00,025B1002,33358,POINT (709043.9488450282 734921.5400700828)
-6.2554870000000005,53.347469999999994,25,2017-07-03 11:10:00,025B0002,43124,POINT (716153.2545789937 734446.1801293887)
-6.269153,53.343784,150,2017-07-03 11:10:00,01501001,33493,POINT (715253.365763881 734013.9381624443)
-6.458023000000001,53.33786,25,2017-07-03 11:10:00,025B1002,33407,POINT (702692.0767034456 733066.6135791161)
-6.424869999999999,53.347156000000005,25,2017-07-03 11:10:00,025A1002,33399,POINT (704877.0159858828 734149.0787458537)
-6.316827,53.320857999999994,150,2017-07-03 11:10:00,01501001,33519,POINT (712139.2438399385 731387.330514383)
-6.348072,53.347269999999995,25,2017-07-03 11:10:00,025A0002,33352,POINT (709989.7736232018 734277.3119445775)
-6.266675,53.346143000000005,25,2017-07-03 11:10:00,025A1002,33356,POINT (715411.9843002888 734280.3986493587)
